aX,aY,aZ,gX,gY,gZ
-0.199,0.596,-1.900,113.953,57.129,67.749
-0.106,0.477,-1.857,78.918,43.640,57.617
-0.014,0.268,-1.576,42.725,29.907,41.687
0.058,0.006,-1.156,17.517,15.686,25.269
0.156,-0.264,-0.796,10.620,2.808,10.437
0.281,-0.498,-0.585,18.494,-7.935,-1.770
0.319,-0.642,-0.541,33.386,-12.756,-5.920
0.356,-0.667,-0.572,44.189,-9.399,-5.066
0.364,-0.592,-0.648,48.584,-3.235,1.465
0.380,-0.458,-0.752,50.110,3.662,12.329
0.394,-0.292,-0.909,50.598,10.254,22.278
0.391,-0.169,-1.066,48.706,14.526,25.818
0.362,-0.096,-1.155,42.908,14.587,21.729
0.292,-0.059,-1.169,35.522,10.742,13.123
0.231,-0.088,-1.157,29.114,6.104,4.700
0.199,-0.169,-1.102,22.583,3.357,-0.732
0.179,-0.240,-1.038,16.235,2.991,-2.930
0.201,-0.332,-0.994,11.963,1.770,-2.686
0.197,-0.372,-0.944,8.484,1.831,-2.625
0.189,-0.386,-0.919,7.202,1.709,-2.930
0.195,-0.397,-0.930,9.033,1.465,-1.099
0.190,-0.360,-0.945,8.484,2.319,0.854
0.203,-0.324,-0.972,6.226,1.770,2.258
0.221,-0.286,-0.988,4.028,1.404,4.150
0.248,-0.267,-0.988,1.648,1.587,4.761
0.280,-0.288,-0.959,-0.122,-0.122,3.479
0.281,-0.299,-0.940,-0.061,-1.587,1.282
0.281,-0.325,-0.956,1.343,-2.136,-1.709
0.280,-0.352,-0.953,1.831,-2.563,-3.967
0.253,-0.336,-0.940,1.099,-2.625,-5.432
0.230,-0.322,-0.955,1.282,-2.441,-6.226
0.205,-0.298,-0.985,1.160,-2.014,-6.042
0.189,-0.298,-0.995,-0.366,-1.770,-4.639
0.178,-0.281,-1.004,-3.113,-1.648,-2.380
0.203,-0.307,-0.994,-6.226,-1.709,0.671
0.244,-0.345,-0.951,-8.667,-1.709,2.441
0.265,-0.367,-0.918,-9.399,-2.136,2.014
0.274,-0.368,-0.910,-7.812,-3.357,-0.122
0.264,-0.360,-0.917,-5.737,-4.395,-2.197
0.253,-0.336,-0.941,-4.822,-4.700,-2.869
0.246,-0.298,-0.979,-5.249,-4.150,-1.892
0.245,-0.250,-1.015,-7.996,-3.357,0.000
0.258,-0.238,-1.024,-11.902,-2.808,1.099
0.266,-0.241,-1.003,-16.174,-2.563,0.732
0.262,-0.261,-0.983,-19.348,-2.258,-1.160
0.254,-0.282,-0.975,-21.118,-2.747,-3.296
0.238,-0.303,-0.966,-22.217,-4.211,-5.371
0.220,-0.322,-0.953,-23.254,-5.066,-7.446
0.211,-0.328,-0.954,-24.780,-4.883,-7.874
0.197,-0.314,-0.966,-26.672,-4.517,-7.080
0.188,-0.294,-0.988,-27.954,-4.883,-5.981
0.185,-0.266,-1.028,-29.846,-5.554,-5.005
0.175,-0.235,-1.057,-33.325,-6.287,-4.944
0.159,-0.209,-1.080,-37.048,-7.935,-6.226
0.151,-0.202,-1.085,-40.771,-10.498,-8.850
0.134,-0.216,-1.068,-44.067,-13.916,-12.268
0.130,-0.246,-1.039,-46.936,-17.517,-15.076
0.140,-0.300,-1.003,-49.927,-20.142,-16.479
0.155,-0.356,-0.977,-53.467,-21.057,-16.357
0.194,-0.414,-0.941,-58.289,-20.630,-14.282
0.228,-0.451,-0.888,-63.599,-18.799,-11.353
0.258,-0.472,-0.841,-66.711,-17.456,-9.216
0.279,-0.488,-0.805,-65.979,-16.602,-8.972
0.289,-0.497,-0.794,-62.927,-16.907,-10.742
0.278,-0.497,-0.803,-58.533,-18.066,-12.512
0.251,-0.488,-0.825,-54.810,-19.165,-13.916
0.235,-0.477,-0.857,-52.124,-19.409,-13.550
0.240,-0.472,-0.901,-51.941,-19.043,-11.902
0.288,-0.514,-0.908,-54.504,-17.944,-10.742
0.304,-0.546,-0.850,-58.594,-16.907,-12.024
0.305,-0.566,-0.787,-59.937,-18.066,-14.099
0.292,-0.575,-0.741,-57.434,-19.836,-16.724
0.279,-0.582,-0.722,-52.185,-20.691,-19.043
0.262,-0.581,-0.741,-46.204,-21.240,-19.775
0.235,-0.568,-0.774,-41.626,-22.217,-18.982
0.219,-0.547,-0.821,-39.978,-22.583,-16.113
0.218,-0.534,-0.865,-42.358,-20.264,-12.695
0.216,-0.518,-0.882,-48.279,-16.968,-8.484
0.230,-0.506,-0.885,-54.871,-15.503,-5.005
0.247,-0.511,-0.873,-60.730,-14.954,-4.211
0.254,-0.520,-0.833,-65.247,-15.747,-5.615
0.256,-0.545,-0.791,-67.566,-18.677,-9.399
0.255,-0.564,-0.752,-68.176,-21.729,-13.550
0.250,-0.589,-0.720,-67.871,-23.865,-16.663
0.248,-0.612,-0.691,-66.589,-25.269,-18.311
0.245,-0.616,-0.681,-65.430,-26.306,-17.944
0.252,-0.627,-0.709,-63.904,-26.733,-16.541
0.254,-0.637,-0.727,-65.186,-25.879,-15.381
0.253,-0.641,-0.733,-69.397,-24.597,-13.977
0.264,-0.652,-0.730,-74.341,-23.926,-12.451
0.260,-0.649,-0.704,-79.590,-22.827,-12.207
0.246,-0.646,-0.667,-82.703,-23.560,-12.390
0.233,-0.637,-0.647,-82.581,-24.353,-12.573
0.221,-0.634,-0.648,-81.482,-24.536,-11.719
0.208,-0.627,-0.641,-80.444,-24.292,-9.583
0.204,-0.618,-0.654,-79.285,-24.414,-6.470
0.220,-0.618,-0.696,-79.163,-25.085,-3.784
0.232,-0.625,-0.715,-83.984,-23.437,-2.808
0.238,-0.637,-0.699,-91.736,-22.156,-2.441
0.254,-0.652,-0.656,-99.670,-23.010,-2.625
0.273,-0.671,-0.593,-106.140,-24.719,-3.662
0.287,-0.685,-0.539,-110.168,-27.344,-5.310
0.287,-0.698,-0.478,-111.877,-30.273,-8.545
0.268,-0.697,-0.422,-111.633,-32.288,-11.658
0.252,-0.706,-0.408,-108.521,-32.776,-12.085
0.227,-0.711,-0.403,-105.164,-32.715,-10.010
0.216,-0.704,-0.417,-102.783,-31.921,-5.859
0.228,-0.703,-0.448,-101.990,-30.823,-1.892
0.249,-0.704,-0.475,-104.492,-29.480,1.831
0.297,-0.717,-0.483,-111.084,-28.809,3.052
0.322,-0.733,-0.438,-120.911,-28.259,-0.305
0.321,-0.745,-0.342,-130.249,-29.907,-5.371
0.305,-0.758,-0.236,-134.277,-32.288,-11.108
0.267,-0.780,-0.158,-132.690,-33.936,-16.052
0.224,-0.797,-0.115,-127.197,-34.790,-17.273
0.189,-0.806,-0.124,-120.605,-34.180,-14.038
0.161,-0.802,-0.167,-115.173,-33.508,-7.263
0.158,-0.782,-0.235,-113.464,-32.227,1.099
0.181,-0.743,-0.300,-117.737,-30.518,9.583

-0.474,1.153,-2.229,156.860,69.519,25.208
-0.521,1.181,-2.516,116.272,53.589,16.174
-0.440,0.879,-2.437,67.017,32.349,2.136
-0.316,0.436,-1.973,17.212,10.864,-15.991
-0.244,-0.076,-1.341,-18.433,-6.592,-36.621
-0.139,-0.576,-0.750,-29.175,-17.273,-52.917
-0.071,-0.877,-0.341,-24.353,-24.658,-59.265
-0.005,-1.045,-0.186,-5.005,-26.672,-53.162
0.057,-1.034,-0.275,19.348,-20.996,-34.912
0.143,-0.910,-0.523,39.001,-11.597,-10.193
0.211,-0.650,-0.773,46.936,-2.380,12.573
0.254,-0.371,-1.006,45.593,4.578,28.748
0.284,-0.132,-1.190,39.978,9.583,36.255
0.296,0.007,-1.274,31.311,11.902,33.875
0.298,0.043,-1.267,23.560,8.057,24.658
0.266,-0.004,-1.173,18.066,2.319,11.597
0.225,-0.100,-1.056,15.747,-2.075,0.305
0.211,-0.255,-0.970,16.296,-4.700,-5.798
0.192,-0.364,-0.895,17.395,-5.493,-8.606
0.178,-0.427,-0.860,18.555,-4.822,-7.935
0.176,-0.426,-0.867,19.348,-2.869,-4.272
0.160,-0.389,-0.893,19.165,0.122,0.793
0.155,-0.328,-0.962,18.433,2.319,6.836
0.158,-0.271,-1.031,15.686,3.723,11.108
0.146,-0.204,-1.092,9.583,3.235,12.512
0.135,-0.149,-1.124,3.052,1.770,11.353
0.130,-0.105,-1.130,-2.991,-1.587,7.324
0.144,-0.102,-1.131,-7.141,-6.104,1.343
0.175,-0.149,-1.100,-11.414,-10.620,-4.150
0.197,-0.202,-1.026,-16.479,-13.794,-8.362
0.205,-0.255,-0.945,-20.081,-15.015,-11.230
0.203,-0.284,-0.899,-20.447,-15.137,-11.414
0.212,-0.299,-0.905,-19.165,-14.160,-9.216
0.228,-0.292,-0.934,-18.677,-12.085,-5.920
0.235,-0.273,-0.955,-20.142,-10.376,-4.150
0.229,-0.234,-0.987,-22.461,-10.254,-3.418
0.224,-0.191,-1.021,-26.062,-9.827,-2.747
0.216,-0.148,-1.057,-31.067,-9.033,-2.502
0.213,-0.110,-1.102,-36.438,-9.827,-3.906
0.200,-0.075,-1.138,-42.419,-12.085,-7.446
0.166,-0.050,-1.154,-48.096,-16.052,-13.855
0.131,-0.034,-1.161,-53.406,-21.790,-21.362
0.095,-0.034,-1.153,-58.472,-26.917,-28.259
0.060,-0.047,-1.137,-64.026,-31.738,-33.569
0.034,-0.069,-1.117,-70.313,-35.828,-36.865
0.010,-0.089,-1.097,-76.843,-38.818,-37.415
0.006,-0.116,-1.077,-83.862,-40.955,-35.217
0.015,-0.143,-1.068,-91.614,-41.870,-31.433
0.039,-0.175,-1.056,-100.647,-41.931,-27.100
0.075,-0.215,-1.033,-110.107,-42.053,-24.658
0.111,-0.252,-1.013,-119.385,-42.786,-25.452
0.150,-0.292,-0.991,-128.296,-44.739,-29.358
0.182,-0.329,-0.949,-137.878,-46.387,-35.950
0.185,-0.342,-0.890,-146.912,-49.255,-43.884
0.165,-0.358,-0.790,-151.001,-52.124,-51.025
0.145,-0.400,-0.682,-148.376,-54.932,-55.664
0.122,-0.431,-0.609,-141.235,-57.190,-56.152
0.110,-0.464,-0.593,-131.897,-56.946,-52.368
0.109,-0.499,-0.609,-124.451,-55.237,-45.593
0.142,-0.558,-0.629,-120.911,-53.589,-37.170
0.177,-0.603,-0.623,-122.742,-52.063,-29.541
0.205,-0.632,-0.605,-128.418,-49.866,-23.926
0.242,-0.650,-0.569,-135.437,-46.204,-20.569
0.276,-0.682,-0.520,-141.296,-42.175,-19.592
0.290,-0.693,-0.483,-145.142,-41.260,-21.606
0.266,-0.677,-0.442,-145.996,-42.908,-25.269
0.231,-0.672,-0.412,-142.456,-45.166,-28.809
0.178,-0.643,-0.392,-136.780,-46.997,-29.236
0.140,-0.640,-0.390,-128.967,-47.119,-26.611
0.120,-0.625,-0.425,-121.338,-46.143,-19.592
0.130,-0.622,-0.481,-117.432,-44.800,-9.338
0.197,-0.679,-0.500,-118.958,-43.152,-0.916
0.256,-0.710,-0.464,-128.418,-42.236,2.747
0.277,-0.726,-0.371,-140.747,-41.260,0.427
0.285,-0.750,-0.279,-148.804,-41.687,-3.784
0.283,-0.757,-0.204,-151.123,-44.556,-8.606
0.261,-0.754,-0.149,-149.109,-47.729,-14.526
0.227,-0.745,-0.135,-143.494,-49.133,-18.188
0.186,-0.724,-0.148,-137.634,-48.523,-17.639
0.149,-0.713,-0.173,-133.362,-46.448,-12.207
0.145,-0.700,-0.222,-131.287,-43.396,-4.028
0.166,-0.693,-0.253,-134.155,-39.795,3.906
0.187,-0.685,-0.229,-141.602,-37.720,8.667
0.246,-0.736,-0.142,-150.391,-38.635,9.583
0.273,-0.779,0.024,-159.180,-43.518,5.798
0.255,-0.797,0.194,-163.940,-50.537,0.732
0.229,-0.801,0.301,-160.034,-53.406,-2.441
0.206,-0.818,0.327,-149.780,-50.232,-2.197
0.198,-0.828,0.284,-138.672,-44.495,3.052
0.205,-0.826,0.218,-131.531,-39.856,11.169
0.222,-0.814,0.153,-129.822,-37.170,18.799
0.256,-0.797,0.117,-133.179,-34.790,22.827
0.294,-0.797,0.138,-139.587,-33.447,21.667
0.322,-0.815,0.212,-145.752,-35.706,16.479
0.343,-0.844,0.312,-148.926,-41.870,9.705
0.339,-0.857,0.403,-148.743,-48.706,1.892
0.336,-0.887,0.466,-144.897,-52.551,-4.211
0.328,-0.905,0.490,-139.587,-52.979,-7.202
0.311,-0.906,0.485,-134.705,-50.964,-7.446
0.318,-0.913,0.451,-130.005,-46.570,-5.798
0.315,-0.911,0.419,-128.113,-41.931,-4.211
0.301,-0.896,0.403,-128.479,-39.673,-3.296
0.284,-0.877,0.380,-128.601,-39.368,-2.747
0.273,-0.858,0.359,-129.517,-40.466,-3.174
0.285,-0.870,0.385,-132.263,-42.847,-4.639
0.280,-0.859,0.440,-136.169,-48.218,-9.216
0.261,-0.845,0.502,-139.038,-54.382,-15.686
0.249,-0.832,0.560,-139.465,-57.495,-21.423
0.225,-0.829,0.607,-138.916,-57.617,-24.109
0.204,-0.825,0.690,-138.306,-54.688,-23.010
0.215,-0.846,0.770,-136.292,-48.889,-18.677
0.220,-0.845,0.820,-133.057,-43.335,-12.634
0.224,-0.848,0.827,-128.784,-37.537,-8.606
0.226,-0.849,0.809,-124.817,-34.119,-7.507
0.228,-0.840,0.783,-122.314,-34.241,-8.118
0.231,-0.826,0.759,-120.850,-36.438,-9.583
0.241,-0.795,0.744,-120.605,-38.391,-11.353
0.260,-0.777,0.753,-120.422,-38.330,-13.672
0.261,-0.758,0.770,-120.361,-39.307,-17.395

0.491,-2.700,0.975,32.776,-36.316,-73.303
0.380,-2.981,1.216,83.008,-28.198,-67.444
0.252,-2.915,1.158,139.526,-9.460,-42.725
0.112,-2.541,0.824,191.956,16.663,1.526
-0.006,-1.873,0.339,228.699,48.706,59.387
-0.077,-1.007,-0.170,244.446,81.543,120.911
-0.182,0.016,-0.726,245.911,110.107,168.335
-0.367,1.050,-1.449,241.455,126.587,192.017
-0.628,2.064,-2.294,223.999,122.986,200.134
-0.877,3.009,-3.197,178.284,104.675,196.533
-0.658,3.312,-3.974,109.558,78.491,176.147
-0.377,2.595,-3.877,17.090,42.358,134.644
0.079,1.613,-2.770,-71.167,6.042,68.176
0.232,0.473,-1.266,-116.760,-39.917,-0.732
0.179,-0.401,0.043,-126.892,-77.271,-65.674
0.223,-1.083,0.685,-93.689,-84.351,-96.558
0.321,-1.592,0.695,-35.217,-65.430,-84.534
0.373,-1.681,0.342,4.517,-36.682,-52.429
0.399,-1.472,-0.101,22.095,-9.949,-11.780
0.381,-1.037,-0.471,24.536,13.000,24.048
0.329,-0.579,-0.811,21.729,29.785,48.828
0.290,-0.133,-1.144,17.090,38.269,58.472
0.244,0.179,-1.423,11.780,36.194,49.377
0.173,0.331,-1.576,5.432,22.461,27.100
0.069,0.334,-1.559,-4.028,4.272,3.479
-0.009,0.224,-1.440,-15.686,-7.446,-11.841
-0.003,0.051,-1.308,-27.405,-11.658,-17.029
0.044,-0.138,-1.159,-37.292,-12.024,-15.015
0.114,-0.336,-0.985,-42.664,-10.803,-10.315
0.197,-0.525,-0.823,-42.297,-8.606,-6.287
0.273,-0.689,-0.694,-36.499,-6.042,-4.333
0.301,-0.756,-0.619,-27.344,-3.235,-4.150
0.310,-0.769,-0.623,-16.541,-0.427,-4.211
0.289,-0.712,-0.674,-5.615,1.221,-3.967
0.243,-0.613,-0.785,4.639,3.174,-2.319
0.199,-0.502,-0.907,10.925,6.897,-1.709
0.163,-0.399,-1.006,11.536,7.629,-0.610
0.137,-0.300,-1.085,8.850,6.897,1.465
0.120,-0.245,-1.124,3.662,8.301,4.822
0.126,-0.215,-1.116,-2.563,8.789,6.836
0.145,-0.218,-1.080,-6.775,7.751,6.653
0.163,-0.250,-1.030,-7.935,5.432,4.211
0.181,-0.297,-0.988,-6.714,2.563,0.305
0.179,-0.354,-0.944,-4.700,-0.977,-4.150
0.168,-0.408,-0.903,-2.625,-4.028,-7.324
0.161,-0.447,-0.883,-0.122,-4.578,-7.996
0.168,-0.468,-0.881,0.977,-3.845,-5.615
0.183,-0.471,-0.879,0.549,-2.197,-1.953
0.194,-0.451,-0.881,0.122,-0.183,1.953
0.205,-0.422,-0.893,0.366,1.709,4.944
0.218,-0.398,-0.916,1.099,2.197,5.920
0.219,-0.373,-0.933,1.831,1.892,4.944
0.208,-0.359,-0.950,2.869,1.221,1.892
0.190,-0.352,-0.969,3.784,-0.488,-1.282
0.168,-0.349,-0.981,3.845,-1.770,-3.601
0.146,-0.349,-0.987,2.808,-2.319,-4.211
0.134,-0.345,-0.994,1.282,-2.808,-3.479
0.138,-0.345,-0.999,-0.793,-2.686,-0.610
0.156,-0.348,-0.989,-3.540,-2.075,2.563
0.185,-0.363,-0.962,-5.859,-1.770,4.822
0.203,-0.379,-0.943,-6.104,-1.831,5.249
0.208,-0.392,-0.934,-5.249,-2.441,4.211
0.210,-0.401,-0.928,-4.578,-2.869,2.441
0.212,-0.404,-0.932,-3.906,-2.747,0.366
0.206,-0.405,-0.938,-3.601,-2.930,-1.892
0.201,-0.406,-0.940,-3.723,-2.930,-3.052
0.191,-0.397,-0.934,-4.089,-2.136,-2.808
0.190,-0.391,-0.936,-4.150,-1.099,-1.282
0.187,-0.377,-0.949,-4.211,-0.061,0.916
0.184,-0.367,-0.949,-4.517,0.732,2.502
0.181,-0.367,-0.944,-4.395,0.916,2.930
0.174,-0.372,-0.958,-3.174,-0.183,2.441
0.168,-0.379,-0.976,-2.441,-1.221,1.160
0.164,-0.383,-0.969,-2.869,-2.136,-0.488
0.157,-0.381,-0.957,-3.113,-3.357,-2.563
0.152,-0.373,-0.967,-2.502,-4.822,-4.150
0.149,-0.366,-0.984,-2.747,-5.615,-4.395
0.151,-0.367,-0.983,-4.761,-5.737,-4.028
0.157,-0.365,-0.970,-7.141,-5.676,-2.441
0.169,-0.364,-0.965,-9.216,-5.066,0.122
0.196,-0.378,-0.951,-10.254,-4.211,2.075
0.209,-0.392,-0.938,-10.559,-3.967,2.502
0.215,-0.401,-0.937,-10.193,-4.395,1.526
0.219,-0.421,-0.931,-9.705,-4.761,-0.427
0.216,-0.433,-0.909,-9.155,-4.822,-2.747
0.202,-0.439,-0.901,-7.812,-5.310,-4.211
0.193,-0.429,-0.918,-6.165,-5.554,-4.456
0.185,-0.414,-0.928,-5.615,-5.005,-4.028
0.183,-0.398,-0.937,-6.226,-3.601,-2.136
0.191,-0.380,-0.952,-7.324,-2.380,0.977
0.203,-0.354,-0.967,-8.728,-1.526,3.723
0.213,-0.344,-0.980,-10.376,-1.221,4.700
0.214,-0.333,-0.987,-11.658,-1.587,3.601
0.203,-0.329,-0.996,-12.756,-2.869,0.549
0.183,-0.330,-0.994,-13.611,-4.639,-3.113
0.164,-0.344,-0.980,-14.832,-6.775,-5.493
0.150,-0.355,-0.973,-15.625,-8.179,-7.080
0.140,-0.361,-0.968,-16.968,-9.033,-6.958
0.138,-0.372,-0.963,-18.738,-9.277,-5.310
0.141,-0.375,-0.961,-20.447,-9.460,-3.662
0.147,-0.369,-0.952,-22.400,-9.644,-1.709
0.157,-0.374,-0.946,-23.315,-10.376,-0.732
0.159,-0.375,-0.956,-23.376,-12.024,-0.732
0.160,-0.376,-0.971,-24.048,-13.916,-1.770
0.156,-0.380,-0.973,-25.879,-15.747,-2.930
0.150,-0.379,-0.975,-28.137,-17.456,-3.662
0.144,-0.370,-0.971,-31.128,-18.616,-3.357
0.149,-0.378,-0.946,-34.058,-18.677,-1.953
0.152,-0.391,-0.922,-35.217,-18.677,-0.061
0.162,-0.399,-0.917,-35.828,-18.799,2.441
0.169,-0.403,-0.916,-36.560,-18.738,4.517
0.177,-0.407,-0.924,-37.048,-19.165,5.310
0.187,-0.415,-0.933,-37.659,-20.569,4.822
0.201,-0.424,-0.935,-38.940,-22.400,2.808
0.207,-0.431,-0.930,-40.527,-24.475,-0.366
0.211,-0.432,-0.929,-42.419,-26.123,-3.540
0.207,-0.430,-0.928,-44.617,-27.039,-5.676
0.201,-0.420,-0.926,-47.119,-28.503,-7.263
0.187,-0.407,-0.915,-49.500,-29.663,-8.301

-0.492,1.228,-2.009,144.226,89.600,139.404
-0.514,1.445,-2.456,117.981,72.754,135.193
-0.412,1.352,-2.606,74.829,50.354,116.638
-0.235,0.920,-2.319,25.757,21.790,83.130
-0.097,0.390,-1.648,-14.343,-7.507,40.527
0.019,-0.198,-0.968,-28.809,-31.860,-0.305
0.085,-0.667,-0.486,-16.602,-47.913,-29.541
0.126,-0.956,-0.280,8.911,-52.429,-39.490
0.157,-1.041,-0.295,34.546,-44.617,-28.442
0.176,-0.901,-0.444,51.208,-30.212,-3.784
0.173,-0.588,-0.657,59.998,-14.404,25.391
0.193,-0.200,-0.931,64.026,-1.892,51.025
0.254,0.194,-1.229,61.829,5.554,65.613
0.301,0.446,-1.452,53.528,6.104,61.707
0.317,0.525,-1.495,40.649,-0.427,43.030
0.286,0.448,-1.380,26.978,-9.216,19.470
0.247,0.267,-1.182,15.320,-14.954,1.160
0.227,0.036,-1.014,8.545,-15.137,-6.958
0.244,-0.188,-0.888,6.653,-12.024,-6.592
0.255,-0.343,-0.818,7.874,-7.080,-2.502
0.245,-0.391,-0.795,12.512,-1.648,2.136
0.211,-0.371,-0.861,20.447,2.441,6.470
0.170,-0.286,-0.976,26.917,5.127,9.705
0.106,-0.158,-1.074,27.344,6.958,11.658
0.058,-0.035,-1.154,23.926,6.958,13.062
0.038,0.055,-1.210,18.127,5.920,13.733
0.038,0.095,-1.224,10.315,3.296,13.367
0.058,0.093,-1.191,2.991,-0.732,11.047
0.115,0.032,-1.130,-3.052,-4.395,8.789
0.167,-0.037,-1.023,-7.996,-6.653,6.409
0.204,-0.101,-0.945,-10.193,-7.141,4.944
0.244,-0.147,-0.913,-8.240,-6.897,3.601
0.261,-0.185,-0.880,-6.226,-6.104,1.709
0.245,-0.173,-0.877,-4.211,-5.188,0.366
0.230,-0.144,-0.911,-1.343,-4.150,-0.488
0.202,-0.098,-0.960,-0.244,-3.296,-0.854
0.175,-0.058,-1.005,-0.854,-2.930,-0.793
0.165,-0.029,-1.051,-3.357,-2.319,-0.305
0.158,-0.019,-1.071,-7.324,-1.770,-0.305
0.145,-0.034,-1.047,-11.475,-1.892,-0.793
0.145,-0.067,-1.028,-13.550,-2.197,-1.526
0.159,-0.113,-1.008,-14.709,-2.808,-2.075
0.159,-0.153,-0.979,-15.381,-3.174,-2.808
0.164,-0.191,-0.950,-14.893,-3.357,-3.235
0.167,-0.211,-0.937,-13.733,-2.930,-2.747
0.175,-0.212,-0.938,-12.146,-2.319,-1.343
0.185,-0.207,-0.940,-10.742,-1.953,0.244
0.193,-0.196,-0.954,-9.094,-1.587,2.014
0.198,-0.178,-0.991,-7.935,-1.038,3.052
0.198,-0.157,-1.021,-8.301,-0.183,2.991
0.193,-0.136,-1.035,-9.827,0.305,1.526
0.182,-0.126,-1.047,-11.353,0.244,-0.488
0.176,-0.122,-1.043,-13.489,-0.488,-2.197
0.171,-0.113,-1.031,-15.991,-0.305,-2.502
0.176,-0.111,-1.026,-18.250,0.732,-1.465
0.182,-0.113,-1.021,-20.142,1.526,0.000
0.187,-0.123,-1.026,-21.484,1.953,1.038
0.185,-0.132,-1.031,-22.583,1.648,1.038
0.173,-0.142,-1.031,-23.682,1.038,0.061
0.160,-0.149,-1.029,-24.414,-0.244,-1.648
0.152,-0.146,-1.035,-25.024,-1.404,-3.357
0.145,-0.139,-1.047,-25.452,-1.892,-5.127
0.125,-0.127,-1.064,-26.428,-3.357,-7.507
0.107,-0.113,-1.079,-27.954,-5.127,-8.789
0.108,-0.121,-1.084,-30.518,-6.042,-8.301
0.113,-0.136,-1.075,-34.180,-6.653,-6.958
0.113,-0.149,-1.053,-37.903,-7.568,-5.554
0.119,-0.162,-1.028,-40.344,-8.301,-4.883
0.130,-0.175,-1.023,-40.710,-9.155,-5.188
0.135,-0.187,-1.033,-39.856,-11.108,-6.470
0.132,-0.184,-1.041,-39.551,-13.733,-8.240
0.128,-0.178,-1.036,-40.405,-15.625,-9.583
0.126,-0.175,-1.040,-41.687,-16.418,-10.620
0.121,-0.171,-1.044,-43.457,-16.846,-10.620
0.116,-0.161,-1.042,-46.387,-17.334,-9.827
0.118,-0.157,-1.039,-49.194,-17.456,-8.301
0.121,-0.160,-1.038,-51.758,-17.517,-6.775
0.133,-0.175,-1.032,-54.138,-18.372,-6.287
0.145,-0.206,-1.013,-56.458,-19.897,-6.531
0.156,-0.237,-0.989,-58.655,-21.790,-7.263
0.161,-0.273,-0.966,-60.486,-23.315,-8.179
0.166,-0.304,-0.944,-61.768,-24.475,-8.545
0.174,-0.325,-0.918,-62.927,-25.024,-8.118
0.193,-0.352,-0.904,-62.500,-25.391,-7.568
0.208,-0.370,-0.897,-62.073,-25.818,-7.324
0.222,-0.380,-0.893,-61.829,-26.123,-7.080
0.231,-0.392,-0.889,-61.401,-25.635,-7.263
0.236,-0.403,-0.890,-60.791,-25.330,-6.958
0.241,-0.403,-0.882,-60.425,-25.269,-6.592
0.247,-0.405,-0.877,-59.570,-25.818,-7.080
0.245,-0.399,-0.878,-57.983,-26.917,-8.667
0.237,-0.392,-0.888,-56.335,-28.809,-10.864
0.229,-0.382,-0.905,-54.932,-30.334,-12.573
0.221,-0.375,-0.924,-55.664,-30.884,-13.245
0.215,-0.367,-0.926,-58.594,-30.579,-12.695
0.220,-0.365,-0.916,-62.195,-30.151,-11.658
0.225,-0.374,-0.884,-65.613,-29.724,-11.292
0.238,-0.394,-0.859,-66.772,-30.762,-11.902
0.253,-0.413,-0.847,-67.261,-32.959,-13.489
0.266,-0.436,-0.832,-67.688,-34.668,-16.174
0.271,-0.460,-0.808,-68.542,-36.133,-19.958
0.266,-0.487,-0.788,-69.031,-37.903,-23.315
0.260,-0.508,-0.780,-69.397,-38.574,-25.146
0.251,-0.528,-0.777,-70.923,-37.903,-25.574
0.241,-0.538,-0.779,-73.242,-36.560,-24.414
0.240,-0.540,-0.770,-76.599,-34.607,-22.034
0.241,-0.548,-0.752,-79.163,-32.776,-19.958
0.243,-0.554,-0.747,-80.505,-32.288,-18.188
0.256,-0.558,-0.753,-81.299,-32.410,-17.456
0.266,-0.559,-0.750,-83.130,-32.776,-18.311
0.271,-0.564,-0.743,-85.022,-34.119,-19.775
0.272,-0.568,-0.731,-87.402,-35.828,-21.912
0.267,-0.573,-0.716,-89.966,-36.438,-24.475
0.246,-0.579,-0.686,-92.712,-37.415,-25.940
0.235,-0.595,-0.666,-94.788,-37.537,-25.757
0.223,-0.616,-0.655,-97.107,-35.461,-23.682
0.215,-0.635,-0.638,-100.952,-33.142,-20.020
0.216,-0.647,-0.613,-104.553,-31.189,-15.686
0.222,-0.656,-0.581,-107.178,-29.602,-11.841

-0.878,1.384,-2.584,225.403,125.061,151.306
-0.833,1.783,-3.235,158.325,129.517,174.561
-0.575,1.766,-3.354,73.669,110.291,168.640
-0.282,1.354,-2.724,-2.625,62.988,124.390
-0.126,0.692,-1.717,-45.044,1.221,53.894
-0.065,-0.069,-0.829,-45.837,-52.673,-17.761
-0.096,-0.731,-0.286,-23.132,-84.900,-65.186
-0.152,-1.141,-0.072,2.930,-89.539,-70.251
-0.081,-1.262,-0.135,20.386,-71.350,-35.400
0.093,-1.060,-0.324,25.940,-42.480,15.442
0.299,-0.666,-0.611,27.649,-16.479,60.181
0.480,-0.231,-0.948,29.236,-0.793,85.022
0.562,0.152,-1.253,26.123,4.822,85.388
0.528,0.360,-1.452,19.470,1.282,66.711
0.432,0.379,-1.485,8.789,-6.653,41.199
0.297,0.268,-1.368,-5.493,-12.634,19.104
0.216,0.073,-1.233,-17.700,-15.076,6.104
0.192,-0.167,-1.078,-26.855,-16.113,0.305
0.164,-0.368,-0.913,-31.799,-16.418,-2.014
0.151,-0.516,-0.804,-29.541,-15.381,-1.526
0.149,-0.611,-0.761,-22.400,-12.695,1.587
0.145,-0.620,-0.770,-14.587,-9.155,6.226
0.136,-0.571,-0.828,-7.263,-6.042,10.925
0.129,-0.476,-0.917,-1.831,-3.357,15.076
0.130,-0.367,-1.001,0.488,-1.648,17.029
0.135,-0.281,-1.075,0.366,-1.709,16.602
0.150,-0.230,-1.094,-1.282,-1.892,14.038
0.161,-0.212,-1.084,-3.967,-2.380,9.827
0.196,-0.249,-1.061,-5.310,-3.235,5.676
0.204,-0.280,-1.001,-7.568,-2.991,1.587
0.212,-0.316,-0.958,-8.728,-1.587,-1.038
0.214,-0.343,-0.938,-8.301,0.366,-2.380
0.212,-0.367,-0.914,-7.324,2.502,-2.319
0.197,-0.376,-0.899,-5.798,4.211,-1.770
0.193,-0.376,-0.908,-3.174,5.554,-0.793
0.180,-0.360,-0.933,-0.671,6.470,-0.549
0.173,-0.347,-0.964,0.916,6.287,-1.160
0.169,-0.329,-0.976,0.916,5.920,-2.380
0.160,-0.326,-0.974,0.977,4.822,-4.150
0.146,-0.325,-0.969,1.160,2.991,-5.310
0.134,-0.331,-0.969,1.160,1.465,-5.981
0.126,-0.339,-0.961,0.305,1.343,-5.066
0.115,-0.337,-0.953,-1.404,1.587,-3.235
0.115,-0.334,-0.954,-2.197,2.441,0.183
0.122,-0.328,-0.970,-2.625,2.808,3.540
0.120,-0.318,-0.988,-4.395,3.113,5.554
0.112,-0.307,-1.005,-6.775,2.563,6.714
0.107,-0.298,-1.016,-9.827,1.648,7.202
0.102,-0.288,-1.021,-13.306,-0.122,7.446
0.104,-0.282,-1.030,-16.968,-2.075,7.629
0.121,-0.283,-1.035,-20.996,-3.967,7.385
0.135,-0.286,-1.024,-25.757,-5.554,6.531
0.153,-0.293,-1.010,-30.090,-7.141,5.554
0.179,-0.307,-0.989,-33.691,-8.667,4.089
0.200,-0.328,-0.951,-36.438,-9.644,1.831
0.210,-0.343,-0.919,-37.109,-10.437,-0.488
0.215,-0.351,-0.898,-35.889,-10.986,-2.930
0.219,-0.359,-0.892,-32.898,-11.597,-5.493
0.206,-0.361,-0.904,-29.480,-12.634,-8.850
0.187,-0.360,-0.931,-26.611,-13.428,-11.169
0.167,-0.349,-0.971,-25.391,-13.672,-11.719
0.143,-0.333,-1.011,-26.367,-13.245,-10.925
0.123,-0.309,-1.035,-29.541,-12.512,-8.972
0.111,-0.282,-1.049,-33.020,-12.024,-6.653
0.109,-0.257,-1.066,-36.316,-12.451,-5.493
0.112,-0.254,-1.084,-39.001,-13.550,-5.554
0.109,-0.263,-1.083,-42.908,-15.198,-7.385
0.104,-0.275,-1.065,-47.607,-18.005,-10.254
0.099,-0.294,-1.045,-51.270,-21.240,-13.733
0.101,-0.321,-1.016,-55.054,-23.987,-16.479
0.110,-0.352,-0.979,-59.082,-26.062,-18.250
0.119,-0.387,-0.940,-62.317,-27.893,-18.921
0.127,-0.413,-0.905,-64.575,-28.625,-18.860
0.138,-0.433,-0.876,-66.406,-27.893,-17.761
0.145,-0.453,-0.860,-67.078,-26.489,-16.602
0.150,-0.468,-0.854,-67.200,-25.696,-14.954
0.156,-0.476,-0.856,-67.139,-25.208,-12.756
0.157,-0.479,-0.851,-67.383,-25.146,-11.108
0.160,-0.479,-0.847,-66.956,-25.574,-10.498
0.160,-0.473,-0.856,-65.796,-27.649,-10.376
0.158,-0.469,-0.877,-65.247,-29.541,-11.353
0.155,-0.467,-0.893,-66.833,-30.579,-11.780
0.161,-0.472,-0.899,-70.862,-30.273,-12.451
0.169,-0.485,-0.880,-76.782,-30.029,-13.489
0.177,-0.500,-0.843,-82.642,-30.701,-15.076
0.182,-0.518,-0.797,-86.609,-32.471,-16.418
0.185,-0.540,-0.752,-88.196,-34.668,-18.005
0.188,-0.569,-0.719,-87.708,-36.682,-19.653
0.194,-0.591,-0.701,-86.060,-37.659,-21.301
0.196,-0.611,-0.692,-84.534,-38.513,-22.949
0.189,-0.632,-0.675,-83.557,-39.612,-24.475
0.182,-0.641,-0.658,-82.947,-40.466,-24.719
0.177,-0.650,-0.649,-82.520,-39.795,-23.193
0.184,-0.655,-0.652,-83.130,-38.513,-19.958
0.192,-0.656,-0.658,-84.656,-36.499,-16.541
0.201,-0.658,-0.668,-87.524,-34.668,-13.672
0.202,-0.652,-0.663,-91.736,-32.410,-11.658
0.208,-0.654,-0.639,-95.886,-31.006,-9.644
0.228,-0.660,-0.606,-97.961,-31.433,-8.728
0.233,-0.669,-0.577,-98.267,-33.813,-10.681
0.224,-0.680,-0.546,-96.741,-37.964,-13.489
0.222,-0.707,-0.527,-94.116,-41.687,-16.113
0.207,-0.730,-0.509,-92.773,-42.908,-17.578
0.193,-0.752,-0.503,-93.140,-41.748,-16.602
0.186,-0.757,-0.512,-95.398,-37.781,-12.146
0.188,-0.761,-0.510,-100.220,-31.677,-5.676
0.198,-0.759,-0.497,-106.018,-26.062,0.854
0.212,-0.750,-0.484,-110.840,-22.827,7.202
0.231,-0.743,-0.469,-113.708,-21.545,10.681
0.248,-0.733,-0.441,-115.295,-22.827,10.925
0.258,-0.723,-0.418,-114.563,-26.978,7.568
0.270,-0.723,-0.405,-111.694,-33.813,1.648
0.268,-0.734,-0.396,-109.070,-41.199,-4.761
0.250,-0.739,-0.396,-108.276,-47.913,-11.169
0.233,-0.745,-0.400,-110.596,-50.720,-15.869
0.208,-0.750,-0.387,-116.638,-48.828,-18.188
0.193,-0.763,-0.337,-124.695,-44.556,-16.785
0.186,-0.772,-0.270,-132.202,-40.283,-12.878
0.189,-0.776,-0.188,-136.597,-36.560,-8.179

-1.478,1.995,-2.800,211.060,237.183,225.891
-1.712,3.074,-3.943,149.109,211.548,247.437
-1.337,3.173,-4.000,71.045,158.020,227.905
-0.658,2.244,-3.997,-14.648,79.346,152.527
-0.376,1.078,-2.322,-89.539,-11.475,42.297
-0.201,-0.271,-0.416,-114.258,-87.585,-55.542
-0.021,-1.226,0.605,-77.393,-121.582,-108.276
0.112,-1.810,0.787,-25.940,-113.953,-107.788
0.265,-1.913,0.470,12.695,-78.552,-67.932
0.384,-1.541,-0.010,28.442,-39.063,-7.263
0.459,-0.954,-0.497,30.701,-2.319,48.584
0.539,-0.334,-0.972,28.137,25.757,89.233
0.601,0.225,-1.399,20.874,40.405,101.013
0.611,0.470,-1.673,16.113,36.011,78.247
0.463,0.487,-1.696,10.132,15.198,31.616
0.263,0.326,-1.558,1.404,-7.507,-14.160
0.088,0.053,-1.361,-8.667,-20.752,-44.678
-0.052,-0.242,-1.121,-18.250,-23.071,-55.237
-0.120,-0.520,-0.918,-24.170,-18.616,-47.363
-0.111,-0.714,-0.802,-25.330,-10.803,-27.649
-0.005,-0.833,-0.735,-23.926,-2.991,-6.592
0.087,-0.839,-0.676,-20.691,2.075,7.507
0.146,-0.774,-0.675,-12.878,3.723,13.123
0.169,-0.658,-0.753,-2.625,3.174,12.878
0.163,-0.540,-0.864,5.554,1.099,10.803
0.146,-0.418,-0.974,9.399,0.366,9.766
0.136,-0.314,-1.045,7.446,1.953,8.972
0.140,-0.239,-1.082,2.563,2.502,7.812
0.145,-0.200,-1.094,-2.014,0.977,5.859
0.146,-0.194,-1.077,-6.042,-0.916,2.930
0.146,-0.230,-1.034,-9.338,-2.258,-0.366
0.149,-0.283,-0.997,-10.864,-4.150,-2.991
0.140,-0.329,-0.968,-11.780,-5.493,-4.089
0.132,-0.369,-0.953,-12.756,-6.042,-4.211
0.141,-0.414,-0.922,-13.794,-6.714,-4.150
0.142,-0.430,-0.906,-14.893,-7.446,-4.395
0.138,-0.428,-0.919,-15.320,-7.996,-4.578
0.129,-0.406,-0.945,-16.052,-8.728,-4.333
0.119,-0.366,-0.976,-17.761,-9.155,-3.662
0.108,-0.327,-1.004,-20.569,-9.460,-1.770
0.101,-0.287,-1.030,-23.560,-10.376,0.305
0.092,-0.255,-1.055,-26.733,-12.634,1.221
0.087,-0.231,-1.077,-30.090,-15.808,0.671
0.073,-0.215,-1.092,-33.875,-19.714,-1.465
0.048,-0.208,-1.088,-37.903,-24.292,-4.456
0.032,-0.214,-1.084,-41.321,-29.419,-7.629
0.029,-0.231,-1.082,-44.556,-34.729,-11.230
0.029,-0.251,-1.068,-49.683,-39.124,-14.465
0.041,-0.288,-1.033,-55.847,-42.908,-16.846
0.055,-0.327,-0.988,-62.744,-45.410,-17.029
0.065,-0.374,-0.936,-69.885,-45.715,-15.259
0.073,-0.418,-0.868,-76.111,-44.312,-11.047
0.079,-0.457,-0.804,-79.956,-42.297,-5.127
0.099,-0.494,-0.777,-81.116,-39.673,2.075
0.127,-0.510,-0.780,-81.055,-36.987,10.071
0.160,-0.518,-0.796,-81.055,-35.339,15.930
0.195,-0.516,-0.806,-81.299,-36.316,18.188
0.227,-0.507,-0.803,-81.726,-39.490,15.930
0.245,-0.499,-0.797,-81.482,-44.250,10.010
0.254,-0.484,-0.797,-80.261,-50.354,2.686
0.257,-0.470,-0.809,-79.041,-56.335,-4.333
0.252,-0.464,-0.813,-79.346,-60.425,-10.132
0.232,-0.463,-0.793,-81.177,-62.927,-14.465
0.215,-0.472,-0.769,-83.374,-63.782,-15.503
0.207,-0.483,-0.765,-86.243,-62.622,-13.611
0.199,-0.495,-0.765,-90.698,-59.448,-9.460
0.206,-0.508,-0.753,-96.008,-56.335,-4.944
0.224,-0.525,-0.727,-102.112,-54.565,-1.709
0.246,-0.541,-0.691,-107.849,-54.688,-0.488
0.271,-0.562,-0.656,-112.183,-56.885,-2.258
0.295,-0.583,-0.618,-115.723,-60.242,-6.165
0.320,-0.609,-0.573,-118.225,-64.697,-12.817
0.318,-0.623,-0.531,-119.934,-70.251,-21.179
0.295,-0.634,-0.491,-119.690,-75.684,-28.687
0.271,-0.642,-0.466,-118.286,-78.369,-33.081
0.242,-0.654,-0.446,-117.493,-77.942,-33.508
0.211,-0.664,-0.438,-117.310,-75.439,-29.907
0.193,-0.666,-0.450,-118.103,-70.923,-22.705
0.202,-0.680,-0.457,-121.155,-64.697,-13.977
0.227,-0.704,-0.431,-126.953,-59.448,-6.653
0.248,-0.715,-0.383,-134.033,-57.861,-2.686
0.266,-0.724,-0.328,-139.648,-58.105,-0.854
0.288,-0.737,-0.264,-142.822,-58.960,-1.465
0.304,-0.753,-0.203,-143.127,-60.974,-3.784
0.300,-0.758,-0.160,-141.174,-63.965,-6.226
0.289,-0.755,-0.146,-138.123,-65.918,-7.935
0.272,-0.753,-0.147,-135.559,-65.247,-7.507
0.263,-0.747,-0.152,-134.644,-62.927,-4.700
0.252,-0.731,-0.155,-135.437,-59.814,-0.488
0.248,-0.718,-0.169,-136.902,-56.519,4.822
0.268,-0.723,-0.173,-140.320,-54.077,9.583
0.284,-0.711,-0.160,-146.606,-54.077,12.268
0.294,-0.692,-0.135,-153.992,-56.274,11.902
0.298,-0.678,-0.106,-160.156,-60.120,9.277
0.303,-0.673,-0.054,-165.405,-65.369,4.944
0.315,-0.664,0.006,-168.945,-71.289,-0.061
0.306,-0.652,0.059,-170.532,-76.111,-4.333
0.303,-0.662,0.115,-170.044,-79.468,-8.179
0.298,-0.682,0.180,-168.884,-82.214,-10.498
0.289,-0.686,0.244,-168.335,-84.290,-10.437
0.278,-0.688,0.299,-167.908,-84.351,-9.094
0.283,-0.712,0.362,-167.969,-83.008,-7.324
0.286,-0.727,0.421,-168.457,-82.214,-5.493
0.282,-0.723,0.467,-169.250,-82.275,-3.906
0.300,-0.725,0.508,-170.166,-79.468,-2.075
0.316,-0.729,0.530,-171.692,-74.707,-1.343
0.308,-0.715,0.558,-173.706,-70.007,-2.441
0.322,-0.724,0.603,-173.645,-66.162,-4.456
0.308,-0.731,0.643,-170.959,-66.772,-7.324
0.300,-0.718,0.671,-166.565,-71.106,-10.437
0.292,-0.717,0.679,-160.461,-74.341,-13.367
0.274,-0.719,0.686,-155.823,-75.256,-15.564
0.245,-0.709,0.696,-153.625,-73.181,-15.076
0.239,-0.706,0.714,-152.222,-67.871,-11.902
0.229,-0.694,0.736,-151.428,-60.730,-7.019
0.222,-0.672,0.742,-150.574,-53.528,-2.197
0.229,-0.650,0.750,-148.987,-45.715,3.601
0.244,-0.641,0.763,-147.400,-38.940,8.301
0.246,-0.617,0.783,-146.729,-35.889,11.353

0.791,-2.224,1.151,80.078,37.170,-20.691
0.622,-2.274,1.744,76.355,60.730,-17.090
0.374,-2.040,2.054,99.304,111.755,7.202
0.214,-1.653,1.855,158.081,182.312,55.603
0.065,-1.116,1.300,225.952,249.573,106.384
-0.132,-0.463,0.571,277.893,301.453,141.052
-0.453,0.277,-0.273,306.946,333.496,156.494
-0.948,1.116,-1.316,319.275,341.125,155.823
-1.716,2.153,-2.642,313.904,319.946,147.705
-2.677,3.406,-4.000,280.090,270.752,141.174
-2.980,3.912,-4.000,213.379,192.688,136.230
-2.083,2.962,-4.000,97.046,98.328,111.694
-1.387,1.690,-3.998,-87.158,17.029,53.894
-0.618,0.253,-1.477,-205.322,-45.593,4.456
-0.163,-0.723,1.050,-238.647,-117.615,-22.156
0.297,-1.498,2.204,-182.190,-118.958,-37.109
0.750,-2.062,2.172,-69.336,-78.430,-19.287
0.953,-2.102,1.408,28.625,-31.921,13.733
0.964,-1.650,0.564,82.886,-0.183,36.621
0.815,-1.012,-0.287,108.582,16.418,47.791
0.581,-0.334,-1.083,113.892,27.527,44.861
0.324,0.143,-1.740,102.295,30.029,31.555
0.121,0.402,-2.093,76.965,19.836,11.230
-0.035,0.451,-2.041,41.931,2.991,-9.705
-0.101,0.281,-1.709,8.728,-10.437,-25.391
-0.096,-0.000,-1.311,-12.695,-16.724,-32.104
-0.050,-0.333,-1.015,-20.203,-16.907,-29.297
0.003,-0.599,-0.816,-18.616,-12.390,-20.874
0.065,-0.810,-0.669,-14.038,-5.920,-10.986
0.113,-0.902,-0.591,-6.226,-0.732,-3.296
0.147,-0.902,-0.582,3.113,1.587,1.282
0.148,-0.822,-0.653,13.794,1.282,2.808
0.116,-0.708,-0.772,22.827,-0.427,1.953
0.087,-0.594,-0.908,27.466,-1.953,0.793
0.055,-0.485,-1.008,26.489,-2.380,0.183
0.031,-0.394,-1.071,21.973,-2.380,0.122
0.041,-0.347,-1.104,17.090,-3.662,0.671
0.058,-0.324,-1.088,11.169,-5.127,1.770
0.083,-0.328,-1.056,5.920,-4.578,1.953
0.114,-0.350,-1.003,1.282,-5.005,1.587
0.147,-0.377,-0.947,-1.465,-7.080,1.099
0.172,-0.408,-0.895,-2.014,-7.812,0.061
0.171,-0.436,-0.868,-1.526,-7.507,-2.502
0.161,-0.456,-0.870,0.549,-9.033,-4.639
0.154,-0.474,-0.877,2.258,-10.681,-6.409
0.131,-0.475,-0.879,1.831,-10.254,-7.141
0.121,-0.474,-0.895,1.404,-9.888,-6.531
0.117,-0.473,-0.915,0.427,-9.277,-5.371
0.108,-0.461,-0.935,-2.075,-7.935,-3.906
0.101,-0.443,-0.955,-5.676,-6.042,-1.343
0.098,-0.433,-0.968,-9.766,-4.211,2.441
0.100,-0.422,-0.966,-13.977,-2.563,5.920
0.101,-0.415,-0.960,-18.188,-2.319,8.057
0.109,-0.410,-0.953,-21.118,-3.967,9.155
0.117,-0.417,-0.949,-23.132,-6.104,8.423
0.117,-0.423,-0.947,-24.475,-9.094,6.287
0.117,-0.423,-0.955,-26.062,-12.878,3.113
0.110,-0.416,-0.964,-27.588,-17.212,-0.977
0.099,-0.405,-0.977,-29.053,-21.729,-4.822
0.084,-0.391,-0.986,-31.128,-26.550,-7.568
0.083,-0.390,-0.990,-34.302,-29.297,-8.728
0.083,-0.391,-0.991,-38.635,-30.212,-7.629
0.101,-0.399,-0.987,-43.335,-31.189,-5.615
0.120,-0.418,-0.961,-47.913,-32.654,-4.333
0.139,-0.438,-0.931,-51.575,-34.363,-4.211
0.146,-0.460,-0.893,-53.711,-36.133,-5.188
0.141,-0.475,-0.860,-54.199,-39.063,-6.897
0.138,-0.485,-0.847,-52.795,-41.687,-7.690
0.137,-0.490,-0.855,-51.208,-43.335,-7.629
0.140,-0.489,-0.872,-51.025,-44.189,-6.531
0.149,-0.487,-0.878,-52.551,-43.701,-4.944
0.164,-0.496,-0.880,-54.688,-42.969,-4.333
0.170,-0.503,-0.874,-57.312,-42.664,-4.211
0.179,-0.512,-0.858,-59.814,-42.908,-4.639
0.184,-0.528,-0.835,-61.584,-44.189,-6.104
0.187,-0.547,-0.813,-62.256,-46.326,-7.996
0.188,-0.556,-0.804,-62.073,-48.401,-9.399
0.187,-0.563,-0.805,-62.195,-50.293,-10.925
0.189,-0.574,-0.798,-63.232,-51.453,-11.536
0.190,-0.581,-0.779,-65.552,-52.002,-10.315
0.206,-0.590,-0.762,-68.542,-51.025,-7.568
0.241,-0.609,-0.726,-71.472,-49.072,-4.761
0.273,-0.628,-0.689,-73.425,-48.340,-4.089
0.306,-0.646,-0.661,-73.914,-49.377,-4.456
0.329,-0.671,-0.632,-73.059,-51.575,-7.507
0.330,-0.683,-0.598,-71.411,-54.688,-12.573
0.317,-0.696,-0.576,-68.176,-57.373,-17.761
0.294,-0.698,-0.583,-64.087,-59.021,-21.606
0.266,-0.698,-0.606,-61.218,-58.777,-23.193
0.233,-0.686,-0.633,-60.608,-56.580,-21.667
0.204,-0.672,-0.656,-62.866,-52.612,-17.212
0.189,-0.657,-0.676,-66.772,-47.607,-10.315
0.196,-0.643,-0.692,-71.960,-42.786,-4.150
0.232,-0.656,-0.679,-78.125,-39.917,-0.183
0.274,-0.671,-0.628,-84.106,-42.053,0.488
0.303,-0.683,-0.572,-88.257,-49.805,-3.662
0.317,-0.692,-0.523,-89.172,-57.739,-10.864
0.313,-0.700,-0.496,-88.135,-64.087,-19.958
0.290,-0.705,-0.490,-86.304,-68.665,-27.161
0.258,-0.705,-0.495,-85.510,-70.618,-30.579
0.223,-0.701,-0.507,-87.158,-69.153,-30.151
0.193,-0.689,-0.515,-91.553,-64.026,-25.513
0.167,-0.672,-0.521,-97.473,-57.434,-17.822
0.166,-0.663,-0.531,-103.333,-50.476,-8.789
0.208,-0.687,-0.520,-110.352,-45.410,-1.282
0.247,-0.688,-0.455,-119.324,-45.349,2.625
0.286,-0.705,-0.369,-124.756,-50.415,0.488
0.319,-0.735,-0.275,-125.793,-59.326,-5.066
0.331,-0.765,-0.187,-123.779,-69.641,-13.672
0.329,-0.801,-0.128,-119.934,-78.796,-22.461
0.309,-0.811,-0.093,-116.272,-83.435,-28.503
0.274,-0.820,-0.080,-113.464,-81.726,-31.067
0.235,-0.822,-0.097,-112.244,-74.036,-28.564
0.198,-0.804,-0.123,-113.647,-62.805,-21.729
0.180,-0.795,-0.153,-116.333,-50.110,-11.230
0.217,-0.815,-0.156,-120.605,-39.185,-0.427
0.250,-0.819,-0.110,-126.526,-34.668,8.118
0.289,-0.812,-0.055,-131.104,-36.133,11.292
0.330,-0.833,0.007,-132.629,-40.039,9.521

-1.244,1.928,-2.514,290.955,139.954,142.395
-1.363,2.599,-3.640,227.295,126.587,187.317
-1.005,2.682,-4.000,124.451,95.764,205.688
-0.347,2.061,-4.000,9.766,59.326,176.270
0.065,1.250,-2.776,-94.543,18.433,104.614
0.207,0.331,-1.092,-148.560,-29.358,19.897
0.278,-0.498,0.241,-133.972,-75.745,-59.875
0.316,-1.091,0.816,-73.486,-103.394,-105.225
0.390,-1.529,0.705,1.343,-97.107,-107.483
0.413,-1.649,0.242,51.697,-67.383,-77.637
0.373,-1.414,-0.272,69.092,-33.020,-29.663
0.311,-0.945,-0.715,62.073,-0.366,20.081
0.266,-0.434,-1.100,45.593,28.748,62.439
0.292,0.044,-1.394,25.940,46.631,88.562
0.357,0.340,-1.601,9.277,49.072,90.027
0.384,0.422,-1.604,-2.441,37.781,66.101
0.338,0.339,-1.415,-11.230,19.592,30.151
0.272,0.151,-1.204,-14.465,3.845,-2.441
0.234,-0.092,-1.038,-12.939,-5.005,-24.231
0.182,-0.304,-0.943,-9.644,-8.911,-33.691
0.158,-0.472,-0.865,-7.263,-9.277,-32.898
0.130,-0.564,-0.819,-5.981,-6.958,-23.560
0.127,-0.596,-0.812,-3.296,-0.061,-10.376
0.136,-0.584,-0.849,-0.732,6.165,0.000
0.151,-0.522,-0.900,1.770,9.277,7.690
0.157,-0.452,-0.943,4.333,9.155,11.902
0.151,-0.360,-1.000,5.737,8.057,13.611
0.163,-0.298,-1.039,5.554,6.653,11.536
0.166,-0.241,-1.056,4.272,3.906,7.996
0.187,-0.219,-1.053,2.075,1.465,4.700
0.201,-0.217,-1.026,-0.854,0.183,2.686
0.219,-0.224,-1.001,-3.601,-0.183,1.831
0.233,-0.235,-0.986,-5.371,0.183,1.892
0.241,-0.249,-0.977,-6.470,0.427,2.441
0.232,-0.260,-0.965,-7.324,0.671,2.686
0.227,-0.277,-0.958,-7.141,0.244,2.625
0.221,-0.300,-0.955,-6.531,0.122,1.648
0.214,-0.322,-0.947,-7.019,0.061,0.854
0.207,-0.326,-0.935,-8.057,-0.061,0.610
0.208,-0.333,-0.943,-8.484,-0.244,0.488
0.216,-0.342,-0.943,-9.521,-0.610,0.977
0.221,-0.341,-0.926,-11.108,-0.549,1.831
0.221,-0.333,-0.930,-11.841,-0.244,3.052
0.223,-0.322,-0.955,-12.451,0.366,4.639
0.222,-0.307,-0.971,-13.794,0.610,5.676
0.219,-0.305,-0.965,-14.954,0.061,5.554
0.215,-0.308,-0.964,-15.381,-1.404,4.700
0.212,-0.308,-0.983,-15.808,-2.747,3.906
0.208,-0.307,-1.001,-17.761,-3.479,3.357
0.213,-0.311,-1.006,-21.118,-4.211,3.113
0.221,-0.321,-0.990,-24.780,-5.127,2.747
0.225,-0.328,-0.971,-28.076,-5.371,2.075
0.228,-0.326,-0.964,-30.334,-5.371,1.709
0.243,-0.317,-0.963,-31.372,-5.371,1.038
0.257,-0.307,-0.971,-31.616,-5.920,-1.282
0.257,-0.300,-0.997,-31.128,-7.751,-5.188
0.246,-0.290,-1.010,-31.677,-10.559,-10.620
0.233,-0.294,-1.000,-32.959,-13.489,-16.174
0.211,-0.304,-0.982,-34.241,-15.930,-20.020
0.192,-0.319,-0.977,-35.217,-17.273,-21.423
0.174,-0.328,-0.980,-36.621,-17.517,-20.691
0.159,-0.340,-0.974,-38.635,-16.968,-18.372
0.145,-0.351,-0.971,-40.833,-15.747,-15.503
0.140,-0.357,-0.975,-43.091,-14.893,-11.658
0.152,-0.366,-0.971,-45.471,-13.611,-7.996
0.181,-0.387,-0.953,-48.157,-12.939,-5.432
0.200,-0.396,-0.933,-50.049,-13.855,-5.066
0.215,-0.406,-0.919,-50.659,-15.930,-6.714
0.220,-0.410,-0.918,-50.537,-18.311,-9.277
0.218,-0.411,-0.922,-50.781,-20.386,-12.085
0.216,-0.410,-0.931,-51.941,-21.851,-13.916
0.206,-0.407,-0.929,-54.443,-22.461,-14.282
0.191,-0.410,-0.919,-57.068,-22.461,-13.306
0.179,-0.406,-0.913,-59.448,-22.034,-11.108
0.173,-0.406,-0.917,-61.646,-21.179,-8.118
0.184,-0.420,-0.910,-63.782,-20.691,-5.432
0.194,-0.436,-0.877,-65.857,-21.790,-4.395
0.198,-0.459,-0.852,-66.528,-24.475,-5.066
0.206,-0.471,-0.839,-65.918,-27.039,-6.104
0.222,-0.486,-0.833,-65.979,-29.053,-7.263
0.234,-0.499,-0.827,-66.589,-31.006,-9.216
0.238,-0.507,-0.814,-67.627,-33.569,-11.414
0.232,-0.513,-0.799,-68.787,-35.767,-13.550
0.223,-0.519,-0.795,-69.946,-36.926,-14.893
0.214,-0.521,-0.804,-71.716,-36.804,-14.709
0.200,-0.521,-0.811,-75.317,-35.767,-12.817
0.198,-0.516,-0.812,-79.407,-34.668,-9.888
0.209,-0.512,-0.801,-83.557,-34.180,-7.324
0.227,-0.521,-0.787,-86.609,-35.034,-6.653
0.236,-0.525,-0.765,-88.745,-37.598,-8.057
0.242,-0.532,-0.739,-89.661,-41.992,-11.230
0.242,-0.544,-0.716,-89.172,-46.753,-15.259
0.241,-0.562,-0.703,-88.440,-51.331,-18.982
0.239,-0.585,-0.686,-88.745,-54.688,-21.484
0.231,-0.607,-0.671,-91.125,-56.030,-22.278
0.224,-0.619,-0.648,-95.581,-55.054,-20.325
0.233,-0.643,-0.606,-100.708,-51.697,-16.418
0.244,-0.662,-0.554,-105.103,-48.218,-12.024
0.262,-0.680,-0.518,-107.056,-45.715,-7.629
0.282,-0.693,-0.490,-107.422,-44.067,-5.188
0.288,-0.703,-0.476,-105.896,-44.006,-4.883
0.285,-0.705,-0.478,-103.455,-45.837,-5.981
0.278,-0.708,-0.472,-101.135,-48.584,-7.812
0.258,-0.708,-0.468,-98.450,-51.819,-9.827
0.243,-0.703,-0.468,-95.764,-54.260,-10.132
0.224,-0.703,-0.475,-93.811,-55.237,-8.789
0.221,-0.707,-0.497,-94.482,-54.199,-5.615
0.226,-0.729,-0.482,-99.670,-50.659,-0.916
0.227,-0.740,-0.427,-107.239,-47.058,5.554
0.231,-0.749,-0.346,-114.319,-43.030,12.939
0.252,-0.770,-0.268,-118.103,-37.842,20.630
0.263,-0.792,-0.193,-118.164,-32.898,27.710
0.278,-0.796,-0.152,-114.990,-29.236,33.569
0.300,-0.789,-0.154,-108.948,-26.794,38.025
0.321,-0.781,-0.187,-102.417,-26.978,40.405
0.330,-0.756,-0.239,-97.168,-29.785,40.649
0.339,-0.730,-0.292,-94.849,-33.447,38.574
0.338,-0.700,-0.329,-96.130,-37.354,34.607
0.320,-0.672,-0.346,-99.609,-42.358,29.907

0.515,-1.674,0.678,129.395,40.161,3.052
0.439,-1.633,0.758,150.269,56.274,12.024
0.417,-1.546,0.715,174.744,81.177,29.480
0.346,-1.298,0.607,198.669,107.605,49.561
0.276,-0.992,0.409,223.450,130.798,70.007
0.152,-0.652,0.158,244.019,153.748,87.708
-0.059,-0.191,-0.144,255.920,177.124,105.469
-0.301,0.315,-0.557,263.794,200.256,127.014
-0.631,0.893,-1.135,266.235,218.323,151.428
-1.061,1.637,-1.906,258.118,224.854,177.795
-1.449,2.427,-2.949,233.887,212.952,201.416
-1.556,3.039,-3.996,180.542,179.993,207.092
-1.120,2.763,-4.000,96.436,124.695,179.138
-0.498,1.820,-3.899,-7.629,52.002,108.704
-0.248,0.793,-2.070,-99.426,-25.330,15.625
-0.116,-0.315,-0.322,-124.634,-82.764,-60.608
-0.019,-1.089,0.716,-95.947,-103.577,-103.027
0.165,-1.714,0.900,-34.973,-89.722,-99.487
0.317,-1.899,0.594,18.005,-57.190,-61.768
0.384,-1.641,0.139,45.593,-23.804,-9.888
0.422,-1.125,-0.322,54.810,6.287,39.429
0.427,-0.509,-0.812,56.091,30.334,75.623
0.462,0.077,-1.278,51.270,43.091,90.149
0.468,0.464,-1.673,41.931,40.283,77.087
0.411,0.594,-1.785,28.931,24.292,42.542
0.276,0.509,-1.604,10.742,3.845,3.540
0.162,0.250,-1.312,-4.395,-9.399,-23.804
0.121,-0.063,-1.080,-12.634,-13.245,-34.790
0.130,-0.357,-0.910,-16.174,-10.071,-32.410
0.149,-0.587,-0.785,-15.686,-4.822,-22.583
0.153,-0.702,-0.706,-11.169,1.282,-11.169
0.144,-0.717,-0.729,-2.747,6.470,-1.953
0.123,-0.634,-0.824,7.507,7.324,4.944
0.107,-0.510,-0.962,16.235,7.141,9.338
0.113,-0.414,-1.052,18.433,6.714,8.423
0.122,-0.317,-1.076,14.954,3.540,6.165
0.141,-0.246,-1.082,10.742,0.061,4.272
0.159,-0.209,-1.094,7.080,-1.587,2.014
0.183,-0.208,-1.066,3.174,-2.441,-0.244
0.207,-0.221,-1.020,-0.488,-2.930,-1.831
0.234,-0.252,-0.982,-2.319,-2.380,-1.709
0.249,-0.287,-0.939,-2.991,-1.526,-0.732
0.250,-0.310,-0.908,-1.953,-0.305,-0.122
0.261,-0.341,-0.904,0.854,0.671,-0.732
0.242,-0.354,-0.903,2.686,0.916,-2.258
0.211,-0.343,-0.916,5.310,0.244,-3.845
0.183,-0.339,-0.948,7.507,0.061,-4.211
0.168,-0.334,-0.971,7.996,-0.427,-4.150
0.158,-0.330,-0.989,6.897,-0.549,-3.723
0.165,-0.340,-0.980,4.150,0.610,-1.892
0.179,-0.336,-0.944,0.427,2.869,1.221
0.214,-0.343,-0.928,-0.549,4.272,3.662
0.230,-0.339,-0.920,-0.366,3.784,4.211
0.228,-0.331,-0.911,0.549,2.869,3.479
0.226,-0.320,-0.925,2.441,1.709,2.502
0.205,-0.303,-0.948,4.761,0.000,0.854
0.189,-0.307,-0.977,6.042,-1.404,-0.854
0.166,-0.306,-0.993,5.066,-2.319,-1.587
0.165,-0.320,-0.984,2.319,-2.625,-0.427
0.172,-0.326,-0.966,-0.305,-2.930,1.709
0.201,-0.340,-0.951,-2.502,-2.563,4.089
0.227,-0.345,-0.935,-4.272,-2.258,5.066
0.251,-0.353,-0.925,-4.272,-2.563,4.700
0.258,-0.348,-0.927,-3.784,-2.563,3.601
0.259,-0.339,-0.942,-3.296,-1.831,2.075
0.239,-0.330,-0.956,-3.357,-1.404,0.488
0.211,-0.321,-0.973,-3.235,-1.221,-0.488
0.191,-0.320,-0.983,-3.723,-1.160,-0.610
0.181,-0.323,-0.990,-4.944,-0.793,0.610
0.175,-0.320,-0.990,-6.348,-0.671,2.686
0.178,-0.326,-0.984,-7.629,-0.488,4.700
0.184,-0.331,-0.972,-8.362,-0.366,6.042
0.194,-0.340,-0.971,-8.606,-0.488,6.714
0.200,-0.346,-0.968,-8.362,-1.221,6.409
0.198,-0.350,-0.958,-8.118,-1.770,5.066
0.202,-0.357,-0.961,-6.958,-2.502,3.784
0.198,-0.353,-0.976,-6.287,-3.418,2.686
0.196,-0.344,-0.986,-7.141,-3.418,2.502
0.192,-0.331,-0.989,-8.911,-2.625,3.845
0.193,-0.314,-0.995,-11.108,-1.648,6.042
0.203,-0.301,-0.990,-13.062,-0.671,8.057
0.213,-0.290,-0.982,-14.099,-0.366,9.033
0.220,-0.291,-0.995,-13.977,-0.977,8.545
0.222,-0.293,-1.005,-14.282,-2.014,6.470
0.220,-0.294,-1.006,-15.137,-3.723,3.113
0.215,-0.299,-1.000,-15.869,-5.981,-1.099
0.203,-0.298,-1.006,-16.174,-7.996,-4.517
0.189,-0.290,-1.017,-17.212,-9.155,-7.080
0.175,-0.279,-1.024,-19.287,-10.193,-8.484
0.161,-0.267,-1.030,-22.156,-11.047,-8.301
0.158,-0.254,-1.038,-25.085,-11.780,-7.324
0.153,-0.241,-1.040,-28.381,-12.573,-6.897
0.149,-0.235,-1.049,-31.128,-14.099,-7.324
0.150,-0.233,-1.061,-34.241,-16.357,-8.545
0.145,-0.234,-1.070,-37.659,-18.677,-10.376
0.138,-0.233,-1.066,-41.870,-21.729,-12.817
0.136,-0.241,-1.052,-45.654,-24.109,-15.564
0.135,-0.252,-1.030,-49.438,-26.489,-17.761
0.144,-0.265,-1.010,-53.101,-28.870,-18.738
0.156,-0.291,-0.988,-56.702,-30.701,-19.348
0.164,-0.316,-0.964,-60.181,-31.616,-19.592
0.174,-0.341,-0.940,-63.477,-32.471,-19.592
0.183,-0.365,-0.915,-66.711,-32.532,-18.982
0.182,-0.387,-0.881,-69.153,-33.020,-18.311
0.183,-0.407,-0.862,-69.946,-33.142,-16.785
0.189,-0.421,-0.858,-70.068,-32.776,-14.465
0.199,-0.425,-0.855,-70.679,-31.799,-12.085
0.204,-0.423,-0.856,-71.045,-31.677,-10.193
0.209,-0.417,-0.868,-71.533,-32.349,-9.399
0.203,-0.412,-0.883,-72.998,-33.508,-9.155
0.192,-0.403,-0.892,-75.500,-34.607,-8.911
0.187,-0.392,-0.896,-78.857,-35.645,-8.423
0.190,-0.389,-0.898,-82.581,-36.377,-8.362
0.204,-0.393,-0.896,-86.914,-37.537,-9.216
0.215,-0.401,-0.887,-91.736,-39.856,-11.475
0.232,-0.412,-0.870,-96.802,-43.274,-15.259
0.235,-0.432,-0.833,-101.807,-46.631,-20.874
0.227,-0.455,-0.790,-105.530,-51.025,-26.611
0.214,-0.469,-0.746,-107.727,-54.993,-30.640

0.809,0.027,2.066,-21.423,-40.100,0.977
0.496,0.020,1.634,30.212,-54.138,-20.813
0.149,-0.087,1.129,49.133,-36.438,-31.433
-0.031,-0.108,0.921,29.480,-1.648,-24.353
-0.058,-0.073,0.919,0.000,25.513,-7.996
0.013,-0.005,0.942,-14.465,34.424,9.216
0.117,0.060,0.915,-16.296,30.334,22.705
0.196,0.128,0.896,-16.357,23.560,29.785
0.255,0.186,0.920,-18.738,19.958,29.541
0.260,0.203,0.958,-19.226,17.395,23.926
0.227,0.203,0.963,-16.724,13.611,14.587
0.167,0.196,0.938,-13.855,9.399,5.615
0.111,0.198,0.920,-12.878,6.470,0.122
0.076,0.202,0.914,-12.756,5.066,-2.197
0.060,0.196,0.916,-11.658,5.005,-2.502
0.052,0.187,0.913,-9.888,4.333,-1.587
0.049,0.174,0.919,-7.568,3.052,0.305
0.048,0.160,0.934,-5.493,0.183,1.465
0.062,0.150,0.948,-3.113,-2.625,2.014
0.084,0.150,0.965,-0.671,-4.517,1.526
0.106,0.148,0.973,2.136,-5.066,0.488
0.128,0.139,0.968,4.517,-4.517,0.671
0.151,0.135,0.975,5.249,-2.686,1.465
0.169,0.130,0.980,5.066,-1.953,1.343
0.174,0.128,0.974,5.371,-1.892,-0.305
0.167,0.122,0.960,5.249,-2.014,-1.160
0.162,0.123,0.949,4.272,-1.892,-1.343
0.159,0.125,0.943,2.319,-1.526,-0.916
0.163,0.128,0.952,0.732,-0.671,0.000
0.171,0.134,0.973,-0.122,-0.183,0.427
0.176,0.134,0.979,0.122,0.366,0.305
0.166,0.137,0.976,0.793,0.671,-0.122
0.154,0.141,0.967,0.977,1.343,-0.427
0.140,0.149,0.958,1.038,2.075,-0.793
0.124,0.151,0.941,2.136,2.502,-1.343
0.123,0.145,0.921,2.991,2.625,-1.343
0.130,0.141,0.917,2.258,1.953,-0.488
0.135,0.140,0.928,0.610,0.549,-0.366
0.127,0.148,0.941,-0.366,-0.793,-0.854
0.117,0.146,0.932,0.610,-1.221,-1.404
0.120,0.145,0.916,2.075,-0.732,-0.793
0.130,0.148,0.916,1.526,0.305,0.916
0.146,0.149,0.930,0.366,1.282,2.075
0.163,0.154,0.955,-0.366,1.343,2.258
0.174,0.150,0.968,0.549,0.366,1.404
0.166,0.147,0.954,1.831,-1.038,-0.061
0.147,0.139,0.926,2.930,-1.587,-0.854
0.143,0.137,0.924,2.136,-1.343,-0.549
0.145,0.137,0.942,0.305,-1.099,0.549
0.150,0.140,0.960,0.061,-1.160,0.916
0.157,0.134,0.966,0.916,-1.709,0.671
0.154,0.133,0.964,1.465,-1.953,0.488
0.141,0.132,0.958,1.587,-1.465,0.000
0.136,0.128,0.941,1.770,-0.366,-0.061
0.132,0.131,0.935,1.099,0.366,0.427
0.135,0.130,0.935,0.488,0.732,1.099
0.146,0.137,0.939,0.488,0.549,2.014
0.154,0.143,0.936,0.549,-0.488,2.319
0.158,0.153,0.942,0.244,-1.221,2.075
0.153,0.150,0.948,0.549,-1.343,1.038
0.147,0.144,0.944,1.282,-1.221,0.244
0.145,0.143,0.937,1.587,-1.282,0.305
0.147,0.146,0.940,1.587,-1.343,0.061
0.148,0.149,0.942,1.831,-1.892,-0.854
0.150,0.149,0.942,3.174,-2.075,-1.404
0.151,0.142,0.940,4.211,-2.441,-2.014
0.147,0.141,0.943,4.639,-2.869,-1.892
0.144,0.137,0.949,4.578,-3.235,-1.709
0.139,0.137,0.953,4.517,-3.296,-1.465
0.137,0.133,0.950,4.028,-3.174,-0.977
0.137,0.135,0.946,3.662,-3.174,-0.488
0.146,0.136,0.943,3.357,-3.418,-0.061
0.153,0.137,0.942,3.052,-4.028,-0.366
0.156,0.138,0.947,2.563,-4.944,-1.404
0.154,0.132,0.959,2.747,-5.798,-2.808
0.144,0.130,0.962,3.052,-6.409,-4.028
0.130,0.130,0.965,3.418,-6.104,-4.272
0.115,0.130,0.967,3.662,-5.127,-4.272
0.104,0.124,0.963,4.211,-4.150,-4.150
0.103,0.125,0.957,5.005,-3.174,-3.418
0.105,0.121,0.952,5.432,-2.319,-2.014
0.117,0.117,0.948,5.310,-1.526,-0.610
0.127,0.112,0.953,4.578,-1.343,0.549
0.136,0.111,0.960,3.540,-1.709,0.977
0.140,0.110,0.963,2.502,-2.075,0.793
0.132,0.114,0.965,1.404,-1.892,0.122
0.125,0.111,0.963,0.977,-1.343,0.000
0.118,0.118,0.954,1.038,-0.854,0.671
0.119,0.120,0.954,1.526,-0.427,1.099
0.127,0.121,0.950,2.625,0.122,1.404
0.138,0.121,0.955,2.441,0.061,1.831
0.146,0.126,0.960,2.441,-0.305,1.587
0.143,0.117,0.957,3.235,-0.732,0.854
0.135,0.111,0.946,3.174,-0.732,0.427
0.125,0.114,0.943,1.953,0.183,0.793
0.122,0.114,0.943,0.854,0.916,1.221
0.127,0.120,0.946,0.488,1.282,1.892
0.136,0.122,0.952,0.549,1.343,2.441
0.144,0.124,0.955,0.793,1.343,2.319
0.146,0.127,0.953,1.099,0.671,1.770
0.145,0.129,0.955,1.587,-0.122,0.916
0.140,0.128,0.952,2.014,-0.977,0.183
0.132,0.120,0.947,2.625,-1.526,-0.488
0.122,0.117,0.943,2.441,-1.648,-0.610
0.119,0.112,0.948,1.953,-1.160,0.122
0.125,0.115,0.954,1.221,-0.671,1.343
0.136,0.119,0.959,1.221,0.122,2.197
0.146,0.122,0.956,1.709,0.549,2.502
0.153,0.126,0.949,1.648,1.099,2.258
0.151,0.131,0.946,1.404,0.671,1.526
0.149,0.130,0.942,1.343,-0.671,0.183
0.142,0.128,0.940,1.709,-2.136,-1.404
0.135,0.116,0.944,2.319,-3.418,-2.625
0.127,0.108,0.953,2.075,-4.456,-3.113
0.120,0.104,0.965,1.465,-4.578,-2.808
0.113,0.100,0.973,1.160,-3.723,-1.953
0.112,0.098,0.974,1.038,-2.075,-0.671
0.113,0.103,0.968,0.916,-0.244,0.732
0.120,0.105,0.962,1.099,1.404,1.709

-0.613,1.331,-1.987,244.812,123.230,115.540
-0.755,1.821,-2.757,206.482,125.000,138.123
-0.710,2.040,-3.317,140.991,114.502,145.447
-0.446,1.773,-3.341,61.035,87.891,129.150
-0.173,1.167,-2.637,-15.625,46.631,84.534
-0.054,0.435,-1.536,-65.002,4.211,24.231
0.021,-0.345,-0.559,-70.129,-29.175,-31.311
0.044,-0.921,0.022,-43.152,-49.255,-65.247
0.085,-1.304,0.148,-1.282,-49.622,-65.918
0.132,-1.392,-0.043,32.166,-33.386,-39.429
0.188,-1.200,-0.323,48.645,-11.658,0.488
0.210,-0.793,-0.624,52.185,8.667,40.100
0.259,-0.307,-0.955,50.537,25.818,70.313
0.339,0.125,-1.272,44.373,34.668,83.618
0.379,0.404,-1.504,34.058,31.616,75.012
0.383,0.467,-1.537,21.301,19.043,49.377
0.335,0.372,-1.340,6.775,4.761,18.677
0.268,0.187,-1.129,-1.953,-4.822,-5.371
0.230,-0.040,-1.010,-4.578,-8.850,-17.883
0.189,-0.224,-0.921,-7.263,-8.911,-18.921
0.173,-0.357,-0.847,-9.277,-5.859,-11.841
0.179,-0.441,-0.825,-8.606,-1.160,-1.526
0.189,-0.462,-0.827,-5.554,3.540,7.812
0.190,-0.442,-0.866,-1.465,5.432,13.672
0.196,-0.400,-0.912,2.563,5.371,16.418
0.200,-0.326,-0.954,4.333,5.310,16.418
0.203,-0.255,-1.013,5.432,4.028,13.367
0.206,-0.203,-1.074,4.883,1.526,8.606
0.189,-0.153,-1.088,1.404,-0.122,3.540
0.195,-0.150,-1.083,-2.380,-1.526,0.183
0.206,-0.168,-1.050,-5.920,-2.563,-1.099
0.219,-0.196,-1.003,-8.850,-2.258,-0.732
0.239,-0.233,-0.967,-9.644,-1.831,0.244
0.254,-0.266,-0.944,-9.033,-1.221,1.343
0.258,-0.287,-0.924,-7.935,-0.183,2.258
0.257,-0.307,-0.911,-5.737,0.916,2.380
0.246,-0.308,-0.923,-3.113,1.282,2.258
0.237,-0.297,-0.949,-0.732,1.587,2.075
0.233,-0.284,-0.971,0.183,1.221,2.197
0.221,-0.264,-0.987,-0.549,1.587,2.441
0.217,-0.250,-0.998,-1.770,2.136,3.052
0.218,-0.242,-1.003,-2.747,1.831,3.113
0.229,-0.256,-0.995,-3.967,1.038,2.808
0.232,-0.264,-0.975,-4.822,0.000,1.831
0.234,-0.278,-0.959,-4.761,-1.343,0.122
0.232,-0.291,-0.959,-4.150,-2.014,-1.282
0.226,-0.301,-0.966,-3.784,-2.136,-1.953
0.221,-0.304,-0.969,-4.395,-1.831,-1.648
0.216,-0.299,-0.965,-5.127,-1.404,-0.427
0.215,-0.294,-0.966,-5.310,-1.099,0.549
0.220,-0.288,-0.974,-5.432,-1.221,1.465
0.226,-0.290,-0.975,-5.859,-1.160,2.075
0.235,-0.284,-0.969,-6.836,-1.221,1.892
0.244,-0.282,-0.965,-7.751,-1.038,1.770
0.247,-0.278,-0.967,-8.362,-0.549,1.343
0.245,-0.273,-0.972,-8.362,-0.793,0.854
0.250,-0.276,-0.981,-8.362,-1.404,0.183
0.248,-0.279,-0.976,-9.277,-1.526,-0.854
0.242,-0.291,-0.963,-9.705,-1.587,-1.709
0.240,-0.308,-0.957,-8.728,-2.075,-2.441
0.240,-0.326,-0.952,-7.629,-2.075,-2.563
0.232,-0.331,-0.950,-6.836,-1.770,-2.136
0.225,-0.336,-0.955,-6.104,-1.587,-1.038
0.221,-0.329,-0.961,-5.554,-0.977,0.854
0.224,-0.322,-0.965,-5.493,0.305,2.930
0.234,-0.314,-0.961,-5.615,1.282,4.272
0.235,-0.304,-0.966,-5.371,1.831,4.211
0.239,-0.295,-0.979,-4.333,1.221,3.296
0.232,-0.288,-0.986,-4.028,0.305,1.892
0.220,-0.282,-0.988,-3.784,-0.732,0.366
0.211,-0.279,-0.989,-3.479,-1.587,-0.977
0.207,-0.281,-0.996,-3.113,-2.502,-2.136
0.206,-0.297,-0.997,-3.296,-3.357,-2.930
0.201,-0.307,-0.978,-4.700,-3.723,-2.808
0.199,-0.311,-0.962,-6.042,-3.174,-1.221
0.210,-0.311,-0.963,-7.019,-2.075,1.770
0.225,-0.315,-0.947,-8.057,-0.916,4.089
0.234,-0.318,-0.935,-8.240,-0.061,5.188
0.243,-0.326,-0.942,-6.958,-0.366,5.188
0.244,-0.327,-0.950,-5.981,-1.099,3.784
0.233,-0.322,-0.951,-5.310,-1.892,1.709
0.217,-0.317,-0.964,-4.395,-2.991,-0.427
0.205,-0.310,-0.985,-4.150,-3.906,-1.587
0.195,-0.300,-0.995,-5.432,-4.028,-1.709
0.204,-0.304,-0.993,-7.385,-3.723,-0.305
0.218,-0.310,-0.969,-9.766,-3.174,1.831
0.229,-0.318,-0.947,-11.047,-2.563,4.089
0.247,-0.333,-0.939,-10.681,-2.197,5.310
0.262,-0.350,-0.916,-9.460,-2.136,5.371
0.269,-0.364,-0.907,-7.080,-2.441,3.662
0.265,-0.371,-0.924,-3.967,-3.357,1.648
0.252,-0.367,-0.949,-1.953,-4.150,-0.183
0.235,-0.348,-0.970,-2.014,-4.211,-0.916
0.227,-0.329,-0.981,-3.601,-3.113,-0.122
0.227,-0.315,-0.975,-5.554,-1.709,2.075
0.233,-0.300,-0.976,-7.263,-0.427,4.578
0.250,-0.295,-0.978,-8.179,0.305,6.165
0.260,-0.296,-0.958,-8.789,0.183,5.615
0.264,-0.309,-0.952,-7.690,-0.854,3.418
0.269,-0.335,-0.954,-6.348,-1.770,0.549
0.259,-0.354,-0.944,-5.798,-2.258,-2.686
0.239,-0.368,-0.941,-4.944,-3.479,-4.700
0.222,-0.374,-0.950,-4.333,-4.211,-6.287
0.203,-0.377,-0.949,-4.395,-3.967,-6.226
0.193,-0.366,-0.952,-5.005,-2.808,-4.028
0.200,-0.359,-0.967,-6.348,-1.282,-0.244
0.211,-0.347,-0.971,-8.606,0.854,4.028
0.223,-0.333,-0.964,-10.376,2.319,7.080
0.241,-0.329,-0.965,-10.437,2.502,8.301
0.252,-0.325,-0.973,-10.071,1.587,7.324
0.256,-0.325,-0.980,-10.132,0.122,4.639
0.252,-0.326,-0.984,-10.254,-1.343,0.732
0.237,-0.329,-0.982,-10.437,-2.869,-2.930
0.224,-0.332,-0.985,-10.681,-4.395,-4.700
0.220,-0.338,-0.981,-11.841,-5.005,-5.188
0.219,-0.342,-0.974,-13.855,-4.211,-4.150
0.223,-0.342,-0.967,-15.991,-3.052,-1.953
0.233,-0.339,-0.962,-17.883,-1.892,0.916
0.241,-0.342,-0.949,-18.738,-1.221,2.502
